series,max_abs_error,rms_error
phi,6.584493688361476e-07,4.744075467861095e-07
fuel_temp,0.19754261787261385,0.1964198831563156
graphite_temp,0.25243817179375583,0.15951861701048145
C1,3.801412116416004e-11,3.770279199586069e-11
C2,3.322124032740611e-11,3.1234566120245136e-11
C3,6.708641231715371e-12,4.8676630418544294e-12
C4,4.4720478713469754e-12,3.2289720658175053e-12
C5,3.081433452159616e-13,2.233762489966535e-13
C6,9.331491513305659e-14,6.760408442036182e-14
