time_s,phi_mid,rho,power,fuel_mid,graphite_mid,core_inlet,core_outlet,hx1_hot_outlet,hx1_cold_outlet,hx2_hot_outlet,hx2_cold_outlet,brayton_return
0,0.008712457160785227,0,9853134.883714596,895.6053344235944,1564.94818634759,881.0424178405581,908.5887900566287,881.0388503909103,908.7403822930802,849.334524683474,909.6823281195421,865.9594536914702
